{
  "clients": {
    "BraTS": {
      "val_round": [
        0,
        1,
        2,
        3,
        4,
        5,
        6,
        7,
        8,
        9,
        10,
        11,
        12,
        13,
        14
      ],
      "val_accuracy": [
        0.8896551724137931,
        0.8103448275862069,
        0.9379310344827586,
        0.9862068965517241,
        0.9862068965517241,
        0.996551724137931,
        0.9896551724137931,
        0.993103448275862,
        0.993103448275862,
        0.993103448275862,
        0.9862068965517241,
        0.9896551724137931,
        0.9896551724137931,
        0.993103448275862,
        0.993103448275862
      ],
      "val_macro_f1": [
        0.8879927904172629,
        0.8164248074930066,
        0.9374285936911791,
        0.9854949263737175,
        0.9853899619981492,
        0.9963347102935204,
        0.9890341128004505,
        0.9926949809990745,
        0.9926949809990745,
        0.9926949809990745,
        0.9858443551777571,
        0.98906500613798,
        0.98906500613798,
        0.9926949809990745,
        0.9926949809990745
      ],
      "val_loss": [
        0.3705299920049207,
        0.6620913505554199,
        0.31917355307217304,
        0.12567902926740976,
        0.07659041306068157,
        0.06174144744873047,
        0.07425706633206071,
        0.05073524466876326,
        0.04069259577784045,
        0.038328608973272914,
        0.05925172361834296,
        0.03939108971891732,
        0.03131686490157555,
        0.022131894374715872,
        0.021954929828643797
      ],
      "test_round": [
        9
      ],
      "test_accuracy": [
        0.993103448275862
      ],
      "test_macro_f1": [
        0.9928780014967366
      ],
      "test_loss": [
        0.04118051907111858
      ]
    },
    "Shanghai": {
      "val_round": [
        0,
        1,
        2,
        3,
        4,
        5,
        6,
        7,
        8,
        9,
        10,
        11,
        12,
        13,
        14
      ],
      "val_accuracy": [
        0.6678832116788321,
        0.8284671532846716,
        0.916058394160584,
        0.8905109489051095,
        0.7043795620437956,
        0.8503649635036497,
        0.9343065693430657,
        0.9598540145985401,
        0.8211678832116789,
        0.9416058394160584,
        0.9598540145985401,
        0.9525547445255474,
        0.9525547445255474,
        0.948905109489051,
        0.9635036496350365
      ],
      "val_macro_f1": [
        0.6544685990338164,
        0.8251449624249022,
        0.9156239123718798,
        0.886569130696398,
        0.709853190436712,
        0.8498561619177529,
        0.9325429047014943,
        0.9599839315260277,
        0.8239430896086205,
        0.9417276486006062,
        0.9599063797058784,
        0.9529919605576406,
        0.951266949565896,
        0.949946271222867,
        0.9633984028393967
      ],
      "val_loss": [
        0.99583030530136,
        0.42720411859289575,
        0.305131689910471,
        0.2582298488947597,
        0.6793466206014591,
        0.37952341998580597,
        0.16818879773146914,
        0.12853604696527884,
        0.6553769551054405,
        0.19504557566268602,
        0.11602664091726289,
        0.11841105894070036,
        0.2027022660349625,
        0.14633919376825547,
        0.12547684322199681
      ],
      "test_round": [
        9
      ],
      "test_accuracy": [
        0.9138686131386862
      ],
      "test_macro_f1": [
        0.9124150195521658
      ],
      "test_loss": [
        0.2706513411814116
      ]
    },
    "Figshare": {
      "val_round": [
        0,
        1,
        2,
        3,
        4,
        5,
        6,
        7,
        8,
        9,
        10,
        11,
        12,
        13,
        14
      ],
      "val_accuracy": [
        0.44672131147540983,
        0.7950819672131147,
        0.7131147540983607,
        0.8934426229508197,
        0.5983606557377049,
        0.5286885245901639,
        0.3975409836065574,
        0.36885245901639346,
        0.6557377049180327,
        0.5245901639344263,
        0.3975409836065574,
        0.5491803278688525,
        0.3073770491803279,
        0.38114754098360654,
        0.7950819672131147
      ],
      "val_macro_f1": [
        0.4091021611228167,
        0.7576713999902406,
        0.6278832278832279,
        0.8776803118908382,
        0.5168080017395086,
        0.5005043889081067,
        0.3663846737627176,
        0.25134008338296604,
        0.5044720767888308,
        0.32820992604472954,
        0.3225304749894914,
        0.5353610481229528,
        0.17478874454100626,
        0.36759138074632564,
        0.7752495138642687
      ],
      "val_loss": [
        2.004999872113838,
        0.47461585334089934,
        0.6739135443187151,
        0.2889158066178932,
        1.1655441073120618,
        1.3082616114225545,
        6.130917963434438,
        5.9659364262565235,
        1.4006567509447942,
        2.8979839145160113,
        5.51798490618096,
        1.2969344326707184,
        13.666789664596807,
        2.369249652643673,
        0.5738089143252764
      ],
      "test_round": [
        9
      ],
      "test_accuracy": [
        0.5245901639344263
      ],
      "test_macro_f1": [
        0.3357682814635294
      ],
      "test_loss": [
        2.6427084883705514
      ]
    },
    "Brisc2025": {
      "val_round": [
        0,
        1,
        2,
        3,
        4,
        5,
        6,
        7,
        8,
        9,
        10,
        11,
        12,
        13,
        14
      ],
      "val_accuracy": [
        0.278,
        0.282,
        0.168,
        0.448,
        0.77,
        0.592,
        0.28,
        0.222,
        0.598,
        0.78,
        0.38,
        0.748,
        0.808,
        0.352,
        0.606
      ],
      "val_macro_f1": [
        0.19347462537307203,
        0.2014888021663651,
        0.14208771982868867,
        0.3968053335345236,
        0.7749550410129747,
        0.5707222242299486,
        0.19716112633543828,
        0.10849193581533162,
        0.548280026600096,
        0.7457330678956446,
        0.3532539477472752,
        0.7467890522208611,
        0.8136448266275231,
        0.3229033550861175,
        0.6147172669462273
      ],
      "val_loss": [
        3.492499828338623,
        3.486032917022705,
        3.314627332687378,
        1.5355712795257568,
        0.5847265439033509,
        1.8523843250274659,
        3.257153076171875,
        8.21515761566162,
        2.1600896072387696,
        0.5361502761840821,
        2.511715923309326,
        0.7162610583305359,
        0.6484299311637879,
        5.075773120880127,
        1.3769537143707276
      ],
      "test_round": [
        9
      ],
      "test_accuracy": [
        0.774
      ],
      "test_macro_f1": [
        0.7642320823594295
      ],
      "test_loss": [
        0.5881105353236198
      ]
    }
  },
  "val_accuracy": [
    0.5267584097859327,
    0.6093272171253823,
    0.5970948012232415,
    0.7431192660550459,
    0.77217125382263,
    0.7240061162079511,
    0.5963302752293578,
    0.5749235474006116,
    0.7431192660550459,
    0.8134556574923547,
    0.6391437308868502,
    0.8073394495412844,
    0.7851681957186545,
    0.6246177370030581,
    0.8019877675840978
  ],
  "val_macro_f1": [
    0.48425118146542445,
    0.5722241105184988,
    0.5710876236071781,
    0.7196254841955791,
    0.7598176881422399,
    0.710460120305151,
    0.5583448563961485,
    0.5095489984564011,
    0.6963862011307465,
    0.7636580092576714,
    0.6148575082660809,
    0.8042593813648614,
    0.7621917912407009,
    0.6110938816895713,
    0.8015078147734873
  ],