{
  "clients": {
    "BraTS": {
      "val_round": [
        0,
        1,
        2,
        3,
        4,
        5,
        6,
        7,
        8,
        9,
        10,
        11,
        12,
        13,
        14,
        15,
        16,
        17
      ],
      "val_accuracy": [
        0.8754325259515571,
        0.972318339100346,
        0.986159169550173,
        0.9584775086505191,
        0.9965397923875432,
        0.9965397923875432,
        0.7370242214532872,
        0.9965397923875432,
        0.9930795847750865,
        0.9930795847750865,
        0.986159169550173,
        0.9826989619377162,
        0.9377162629757786,
        0.9896193771626297,
        0.0,
        0.0,
        0.0,
        0.0
      ],
      "val_macro_f1": [
        0.8669008088548319,
        0.9710858856286143,
        0.9851636832768907,
        0.96006985313916,
        0.9963193006671268,
        0.9963193006671268,
        0.641734941237841,
        0.996810207336523,
        0.9931295820883922,
        0.9936190999572571,
        0.9866988232320894,
        0.9831249467083182,
        0.9358427880829288,
        0.9889869818943589,
        0.0,
        0.0,
        0.0,
        0.0
      ],
      "val_loss": [
        0.27676545171176686,
        0.07787280470442194,
        0.03907359265126159,
        0.1377374791769008,
        0.008501041719245251,
        0.006513227228474865,
        1.6230333288648138,
        0.03147869704091425,
        0.04006477705747611,
        0.031525520304907566,
        0.06143143721517807,
        0.08617353068091052,
        0.21102794643916886,
        0.015355766850771788,
        NaN,
        NaN,
        NaN,
        NaN
      ],
      "test_round": [],
      "test_accuracy": [],
      "test_macro_f1": [],
      "test_loss": []
    },
    "Shanghai": {
      "val_round": [
        0,
        1,
        2,
        3,
        4,
        5,
        6,
        7,
        8,
        9,
        10,
        11,
        12,
        13,
        14,
        15,
        16,
        17
      ],
      "val_accuracy": [
        0.7591240875912408,
        0.6496350364963503,
        0.7700729927007299,
        0.8540145985401459,
        0.9197080291970803,
        0.8905109489051095,
        0.8978102189781022,
        0.9197080291970803,
        0.7773722627737226,
        0.7883211678832117,
        0.9416058394160584,
        0.9416058394160584,
        0.927007299270073,
        0.948905109489051,
        0.9416058394160584,
        0.9598540145985401,
        0.8467153284671532,
        0.9562043795620438
      ],
      "val_macro_f1": [
        0.7582590200426133,
        0.6306432315543729,
        0.764794952991345,
        0.8519943190378702,
        0.9192112963664688,
        0.8928476593773645,
        0.8970435882200588,
        0.9197669047365243,
        0.7505819115750739,
        0.7852962551592689,
        0.9417831262939959,
        0.9419097720388968,
        0.923898852470281,
        0.9483278159748748,
        0.9412684175517407,
        0.9594335173492888,
        0.8485789729692169,
        0.955708412762916
      ],
      "val_loss": [
        0.7780468220258281,
        1.0227531125075626,
        0.5629534877999856,
        0.381293819333515,
        0.22709254716543387,
        0.3276197936684981,
        0.3534427453240339,
        0.23669710483429204,
        0.8138858001597606,
        0.7489199355570939,
        0.21197936689331584,
        0.16907483770301307,
        0.28563183176256446,
        0.14851639956834106,
        0.15483141950175275,
        0.11390511838406542,
        0.8521117385286484,
        0.13047821950303376
      ],
      "test_round": [],
      "test_accuracy": [],
      "test_macro_f1": [],
      "test_loss": []
    },
    "Figshare": {
      "val_round": [
        0,
        1,
        2,
        3,
        4,
        5,
        6,
        7,
        8,
        9,
        10,
        11,
        12,
        13,
        14,
        15,
        16,
        17
      ],
      "val_accuracy": [
        0.36065573770491804,
        0.4180327868852459,
        0.5409836065573771,
        0.4016393442622951,
        0.4959016393442623,
        0.4016393442622951,
        0.5655737704918032,
        0.5040983606557377,
        0.7991803278688525,
        0.8360655737704918,
        0.7622950819672131,
        0.4713114754098361,
        0.5614754098360656,
        0.35655737704918034,
        0.6024590163934426,
        0.5327868852459017,
        0.7213114754098361,
        0.7868852459016393
      ],
      "val_macro_f1": [
        0.3306728782013953,
        0.35218751023348727,
        0.35539754363283776,
        0.38439930613843654,
        0.27485754985754984,
        0.3829190056134723,
        0.3977980824763619,
        0.4698411137030063,
        0.765346827509573,
        0.8110378139900251,
        0.6224235869925981,
        0.4233267954402648,
        0.5408546956540754,
        0.3317401309966366,
        0.484387137584035,
        0.476227377728923,
        0.5790110689977271,
        0.7556981580510992
      ],
      "val_loss": [
        2.678605900436151,
        2.0353454957242874,
        3.2375600455237215,
        2.6524277984118854,
        3.6169184622217396,
        1.8301445382540342,
        1.9362203644924476,
        2.2008622982462898,
        0.6733081497129847,
        0.3966022500249206,
        0.9174276443778492,
        3.1260690180981747,
        1.6502668349469294,
        6.274252078572258,
        1.143050060897577,
        2.177026162382032,
        1.276318485619592,
        1.045807897067461
      ],
      "test_round": [],
      "test_accuracy": [],
      "test_macro_f1": [],
      "test_loss": []
    },
    "Brisc2025": {
      "val_round": [
        0,
        1,
        2,
        3,
        4,
        5,
        6,
        7,
        8,
        9,
        10,
        11,
        12,
        13,
        14,
        15,
        16,
        17
      ],
      "val_accuracy": [
        0.526,
        0.256,
        0.56,
        0.594,
        0.736,
        0.418,
        0.38,
        0.486,
        0.47,
        0.892,
        0.518,
        0.644,
        0.84,
        0.364,
        0.782,
        0.534,
        0.66,
        0.96
      ],
      "val_macro_f1": [
        0.49394162575703787,
        0.1594264362278422,
        0.5592320669044436,
        0.549202353343919,
        0.7376672538985971,
        0.29553622893567966,
        0.29624031882096397,
        0.46813419257946953,
        0.4444036704748615,
        0.8917234536833909,
        0.43533588901058784,
        0.5778305554574912,
        0.8395585635022254,
        0.24301429609301267,
        0.795578266803084,
        0.4471892906263057,
        0.6668321461016529,
        0.9611126605926988
      ],
      "val_loss": [
        1.2709414644241332,
        2.594324155807495,
        1.1921598291397095,
        2.7552223358154295,
        0.8246016964912415,
        5.206023410797119,
        3.4196275424957276,
        3.0131886444091798,
        2.61014115524292,
        0.3035837559700012,
        5.123696933746338,
        1.0924195919036865,
        0.5655454874038697,
        8.7022186126709,
        0.5441743340492249,
        3.608919738769531,
        1.0174177856445312,
        0.09747850942611694
      ],
      "test_round": [],
      "test_accuracy": [],
      "test_macro_f1": [],
      "test_loss": []
    }
  },
  "val_accuracy": [
    0.6212700841622035,
    0.5271614384085692,
    0.6947207345065034,
    0.6931905126243305,
    0.7872991583779648,
    0.6419280795715379,
    0.6021423106350421,
    0.6931905126243305,
    0.7115531752104055,
    0.8821729150726856,
    0.75592960979342,
    0.749043611323642,
    0.827850038255547,
    0.6235654169854629,
    0.6090283091048202,
    0.504973221117062,
    0.5646518745218057,
    0.7146136189747513
  ],