{
  "clients": {
    "BraTS": {
      "val_round": [
        0,
        1,
        2
      ],
      "val_accuracy": [
        0.8754325259515571,
        0.972318339100346,
        0.986159169550173
      ],
      "val_macro_f1": [
        0.8669008088548319,
        0.9710858856286143,
        0.9851636832768907
      ],
      "val_loss": [
        0.27676545171176686,
        0.07787280470442194,
        0.03907359265126159
      ],
      "test_round": [],
      "test_accuracy": [],
      "test_macro_f1": [],
      "test_loss": []
    },
    "Shanghai": {
      "val_round": [
        0,
        1,
        2
      ],
      "val_accuracy": [
        0.7591240875912408,
        0.6496350364963503,
        0.7700729927007299
      ],
      "val_macro_f1": [
        0.7582590200426133,
        0.6306432315543729,
        0.764794952991345
      ],
      "val_loss": [
        0.7780468220258281,
        1.0227531125075626,
        0.5629534877999856
      ],
      "test_round": [],
      "test_accuracy": [],
      "test_macro_f1": [],
      "test_loss": []
    },
    "Figshare": {
      "val_round": [
        0,
        1,
        2
      ],
      "val_accuracy": [
        0.36065573770491804,
        0.4180327868852459,
        0.5409836065573771
      ],
      "val_macro_f1": [
        0.3306728782013953,
        0.35218751023348727,
        0.35539754363283776
      ],
      "val_loss": [
        2.678605900436151,
        2.0353454957242874,
        3.2375600455237215
      ],
      "test_round": [],
      "test_accuracy": [],
      "test_macro_f1": [],
      "test_loss": []
    },
    "Brisc2025": {
      "val_round": [
        0,
        1,
        2
      ],
      "val_accuracy": [
        0.526,
        0.256,
        0.56
      ],
      "val_macro_f1": [
        0.49394162575703787,
        0.1594264362278422,
        0.5592320669044436
      ],
      "val_loss": [
        1.2709414644241332,
        2.594324155807495,
        1.1921598291397095
      ],
      "test_round": [],
      "test_accuracy": [],
      "test_macro_f1": [],
      "test_loss": []
    }
  },
  "val_accuracy": [
    0.6212700841622035,
    0.5271614384085692,
    0.6947207345065034
  ],
  "val_macro_f1": [
    0.6013407042160533,
    0.4736702654961436,
    0.6584538299045786
  ],
  "val_loss": [
    1.2105743050484048,
    1.6040749596381971,
    1.1871354931989697
  ],
  "test_accuracy": [],
  "test_macro_f1": [],
  "test_loss": [],
  "round_elapsed_time": [
    7214.212380170822,
    15031.546890497208,
    22891.36574792862
  ],
  "best_val_accuracy": 0.6947207345065034,
  "best_round": 2,
  "early_stopped": false,
  "early_stopped_round": null
}