{
  "clients": {
    "BraTS": {
      "val_round": [
        0,
        1,
        2,
        3,
        4,
        5,
        6,
        7,
        8,
        9,
        10,
        11,
        12,
        13
      ],
      "val_accuracy": [
        0.5586206896551724,
        0.7827586206896552,
        0.8137931034482758,
        0.8379310344827586,
        0.8068965517241379,
        0.9241379310344827,
        0.8896551724137931,
        0.6137931034482759,
        0.8,
        0.8586206896551725,
        0.9689655172413794,
        0.9724137931034482,
        0.8896551724137931,
        0.9724137931034482
      ],
      "val_macro_f1": [
        0.45419621749408984,
        0.7734588273642179,
        0.8086195693576214,
        0.839771142499553,
        0.7871692434073303,
        0.9225800814642536,
        0.8924039568048167,
        0.6063094046116118,
        0.8006900399680886,
        0.8474155474155474,
        0.9680841086930104,
        0.9712443613556528,
        0.8907965675896915,
        0.9721220283548178
      ],
      "val_loss": [
        2.082803265390725,
        0.6618670475894007,
        0.43493648808577967,
        0.4913741539264547,
        0.43268448237715096,
        0.2244621803020609,
        0.4243238938265833,
        0.7338216148573776,
        0.4761226136108925,
        0.3129979840640364,
        0.08994514818849235,
        0.09270477253815224,
        0.32681352804447045,
        0.1269329913731279
      ],
      "test_round": [
        3
      ],
      "test_accuracy": [
        0.8468965517241379
      ],
      "test_macro_f1": [
        0.8497989408452639
      ],
      "test_loss": [
        0.5037435967346717
      ]
    },
    "Shanghai": {
      "val_round": [
        0,
        1,
        2,
        3,
        4,
        5,
        6,
        7,
        8,
        9,
        10,
        11,
        12,
        13
      ],
      "val_accuracy": [
        0.3722627737226277,
        0.7883211678832117,
        0.8613138686131386,
        0.8102189781021898,
        0.8686131386861314,
        0.7518248175182481,
        0.7664233576642335,
        0.6751824817518248,
        0.8978102189781022,
        0.8941605839416058,
        0.8321167883211679,
        0.7408759124087592,
        0.9124087591240876,
        0.6386861313868614
      ],
      "val_macro_f1": [
        0.21445790676559906,
        0.7688588368721018,
        0.8559489629740987,
        0.8014969323797606,
        0.8683340483340484,
        0.7355483327314313,
        0.7634989422963921,
        0.6333115095216554,
        0.8978323284524835,
        0.8922322032261181,
        0.8338244871377402,
        0.7443135792721264,
        0.9124651747106663,
        0.5682075631941991
      ],
      "val_loss": [
        9.774376207894653,
        0.7859253500499864,
        0.42150503799428035,
        0.6252051161153473,
        0.3736578911325357,
        0.567153606971685,
        1.0056915435477765,
        1.0110604893552126,
        0.36950550309933017,
        0.2967788496591749,
        0.4357457341503923,
        0.9387159016880676,
        0.2976529658058264,
        1.2133298825173482
      ],
      "test_round": [
        3
      ],
      "test_accuracy": [
        0.7941605839416058
      ],
      "test_macro_f1": [
        0.7901016254533723
      ],
      "test_loss": [
        0.6785069666422197
      ]
    },
    "Figshare": {
      "val_round": [
        0,
        1,
        2,
        3,
        4,
        5,
        6,
        7,
        8,
        9,
        10,
        11,
        12,
        13
      ],
      "val_accuracy": [
        0.2459016393442623,
        0.3975409836065574,
        0.5081967213114754,
        0.6926229508196722,
        0.5491803278688525,
        0.5368852459016393,
        0.2581967213114754,
        0.45901639344262296,
        0.6229508196721312,
        0.4672131147540984,
        0.6475409836065574,
        0.6311475409836066,
        0.5819672131147541,
        0.7213114754098361
      ],
      "val_macro_f1": [
        0.15246461142505455,
        0.366568065399653,
        0.4147605264766974,
        0.5292845640671727,
        0.5476851040978908,
        0.5124467014189444,
        0.1807792207792208,
        0.16326530612244897,
        0.5383926109732561,
        0.3986843603556256,
        0.642593702912531,
        0.47787701018591483,
        0.5031370572023929,
        0.6122777399854168
      ],
      "val_loss": [
        1.5282993003970287,
        1.4748422650040174,
        1.1473931934012742,
        0.747287814734412,
        0.9509058076827253,
        0.9141048525200516,
        6.935531452053883,
        8.572328973989018,
        1.2228150934469504,
        2.5420345165690437,
        0.779930977547755,
        0.8559588721541108,
        2.224633846126619,
        0.8521194897714208
      ],
      "test_round": [
        3
      ],
      "test_accuracy": [
        0.6885245901639344
      ],
      "test_macro_f1": [
        0.530895601038933
      ],
      "test_loss": [
        0.7095679884074164
      ]
    },
    "Brisc2025": {
      "val_round": [
        0,
        1,
        2,
        3,
        4,
        5,
        6,
        7,
        8,
        9,
        10,
        11,
        12,
        13
      ],
      "val_accuracy": [
        0.356,
        0.536,
        0.694,
        0.71,
        0.67,
        0.63,
        0.618,
        0.552,
        0.494,
        0.478,
        0.594,
        0.51,
        0.63,
        0.45
      ],
      "val_macro_f1": [
        0.2648435271446741,
        0.45029500136449846,
        0.6822621360863141,
        0.6636147259173575,
        0.6439912122371968,
        0.5995278734668161,
        0.5864272365833608,
        0.5280389643469547,
        0.3850719110978765,
        0.43821537947448164,
        0.5600104675285913,
        0.40211566882765504,
        0.625581846036535,
        0.29453367135314756
      ],
      "val_loss": [
        2.221014156341553,
        1.4160524320602417,
        0.9129725923538208,
        1.187949878692627,
        1.1197164936065673,
        1.000664789199829,
        1.6454623050689696,
        1.3876673955917358,
        3.9509699058532717,
        1.821173105239868,
        1.565139102935791,
        2.6342680797576903,
        1.0414440364837647,
        2.3435092887878417
      ],
      "test_round": [
        3
      ],
      "test_accuracy": [
        0.632
      ],
      "test_macro_f1": [
        0.580809262411089
      ],
      "test_loss": [
        2.0314554278850556
      ]
    }
  },
  "val_accuracy": [
    0.3837920489296636,
    0.617737003058104,
    0.7209480122324159,
    0.7561162079510704,
    0.7194189602446484,
    0.7033639143730887,
    0.6422018348623854,
    0.5741590214067278,
    0.6704892966360856,
    0.6475535168195719,
    0.7370030581039755,
    0.6834862385321101,
    0.7377675840978594,
    0.6559633027522935
  ],
  "val_macro_f1": [
    0.27530695587699583,
    0.5730584785002627,
    0.6967601891988414,
    0.7064958619174263,
    0.7047655820719716,
    0.6834016809424129,
    0.6156877720370172,
    0.49939854572909476,
    0.6132338854840512,
    0.6166733991578582,
    0.7232495399630482,
    0.614115145575606,
    0.721638247283933,
    0.561366104565079
  ],
  "val_loss": [
    3.643428238068881,
    1.1278078886893912,
    0.7477631477997937,
    0.8334234499967791,
    0.7796177568329948,
    0.7216116966457542,
    2.2275338218481897,
    2.5040678974320763,
    1.9213852458135068,
    1.3019340939204627,
    0.8550085123252431,
    1.3838536282744975,
    0.9479094131960781,
    1.3371060819618563
  ],
  "test_accuracy": [
    0.7317880794701986
  ],
  "test_macro_f1": [
    0.6827746439050378
  ],
  "test_loss": [
    1.0908222783430916
  ],