{
  "clients": {
    "BraTS": {
      "val_round": [
        0,
        1,
        2,
        3,
        4,
        5,
        6,
        7,
        8,
        9,
        10,
        11,
        12,
        13,
        14,
        15
      ],
      "val_accuracy": [
        0.7093425605536332,
        0.8096885813148789,
        0.9619377162629758,
        0.33217993079584773,
        0.986159169550173,
        0.9930795847750865,
        0.9930795847750865,
        0.9930795847750865,
        0.9515570934256056,
        0.9930795847750865,
        0.9930795847750865,
        0.9930795847750865,
        0.9896193771626297,
        0.9896193771626297,
        0.0,
        0.0
      ],
      "val_macro_f1": [
        0.6542181431010178,
        0.785429265992565,
        0.9615341932608779,
        0.24590261785979903,
        0.9867539710381523,
        0.9931340644349582,
        0.9931340644349582,
        0.9931340644349582,
        0.9493629580743917,
        0.9931340644349582,
        0.9936202686202686,
        0.9931295820883922,
        0.9904297456327128,
        0.9894537480063796,
        0.0,
        0.0
      ],
      "val_loss": [
        1.3466585651813494,
        0.8498308419356296,
        0.10951260340667514,
        5.386779666359449,
        0.045862433819622316,
        0.042923661251794094,
        0.018213594661039466,
        0.021230209244988783,
        0.6315832678421971,
        0.0327821965861073,
        0.034723860582265884,
        0.02354430781103748,
        0.041526442580569575,
        0.02100172174843125,
        NaN,
        NaN
      ],
      "test_round": [],
      "test_accuracy": [],
      "test_macro_f1": [],
      "test_loss": []
    },
    "Shanghai": {
      "val_round": [
        0,
        1,
        2,
        3,
        4,
        5,
        6,
        7,
        8,
        9,
        10,
        11,
        12,
        13,
        14,
        15
      ],
      "val_accuracy": [
        0.7700729927007299,
        0.916058394160584,
        0.9452554744525548,
        0.8029197080291971,
        0.7700729927007299,
        0.916058394160584,
        0.9233576642335767,
        0.948905109489051,
        0.9379562043795621,
        0.9452554744525548,
        0.9014598540145985,
        0.9562043795620438,
        0.9744525547445255,
        0.9671532846715328,
        0.9635036496350365,
        0.9598540145985401
      ],
      "val_macro_f1": [
        0.7669340463458111,
        0.9154001986271872,
        0.9456186297029001,
        0.7850594184372103,
        0.774293352203483,
        0.9157210230656557,
        0.9238870738870739,
        0.9485920364908657,
        0.9386196145124717,
        0.9446338383838384,
        0.901322094870482,
        0.9560128713907857,
        0.9741470220522942,
        0.9667116238581644,
        0.9637434684018534,
        0.9599960586273674
      ],
      "val_loss": [
        0.5695533896014638,
        0.2529390762104605,
        0.16849981237501993,
        0.5453222926950803,
        0.7612584842382556,
        0.19546994197107578,
        0.2096414731910629,
        0.1476721547163316,
        0.1965736426467443,
        0.1787574538675538,
        0.2614053711295128,
        0.12514414184855938,
        0.08566664517891125,
        0.09836872259875501,
        0.11896459418382958,
        0.11742701627531626
      ],
      "test_round": [],
      "test_accuracy": [],
      "test_macro_f1": [],
      "test_loss": []
    },
    "Figshare": {
      "val_round": [
        0,
        1,
        2,
        3,
        4,
        5,
        6,
        7,
        8,
        9,
        10,
        11,
        12,
        13,
        14,
        15
      ],
      "val_accuracy": [
        0.4016393442622951,
        0.5450819672131147,
        0.5081967213114754,
        0.47540983606557374,
        0.8032786885245902,
        0.6680327868852459,
        0.5860655737704918,
        0.8360655737704918,
        0.46311475409836067,
        0.6516393442622951,
        0.8237704918032787,
        0.7049180327868853,
        0.7540983606557377,
        0.8770491803278688,
        0.6598360655737705,
        0.9221311475409836
      ],
      "val_macro_f1": [
        0.3787114845938375,
        0.4970116132409985,
        0.3068332960533753,
        0.2312609238451935,
        0.731113841113841,
        0.5717087434032234,
        0.5379050898627294,
        0.824887151799099,
        0.44254479134400215,
        0.5454496819511987,
        0.8112028222752677,
        0.653434720694448,
        0.6889619883040935,
        0.8756331785563528,
        0.5203683165595415,
        0.9111772682588635
      ],
      "val_loss": [
        2.5135073153699032,
        1.2677096871078992,
        2.9990490577260003,
        3.273000154338899,
        0.5020272560784074,
        0.7897182605305656,
        1.2227658775986219,
        0.46020858307353785,
        4.449064622159864,
        1.0956799299990545,
        0.5170623318093722,
        1.0651120670506211,
        0.8337177868749275,
        0.380205688417935,
        2.254282099301698,
        0.15911340860069775
      ],
      "test_round": [],
      "test_accuracy": [],
      "test_macro_f1": [],
      "test_loss": []
    },
    "Brisc2025": {
      "val_round": [
        0,
        1,
        2,
        3,
        4,
        5,
        6,
        7,
        8,
        9,
        10,
        11,
        12,
        13,
        14,
        15
      ],
      "val_accuracy": [
        0.524,
        0.202,
        0.456,
        0.318,
        0.254,
        0.572,
        0.786,
        0.218,
        0.648,
        0.706,
        0.922,
        0.728,
        0.91,
        0.514,
        0.924,
        0.946
      ],
      "val_macro_f1": [
        0.5267206692160623,
        0.13025993188298074,
        0.4351124078413673,
        0.16915170439760605,
        0.1370036041809295,
        0.4807639727084243,
        0.7583596816422264,
        0.10060572842004667,
        0.6123009530463221,
        0.6686454443956367,
        0.9257307263944232,
        0.7084424877548848,
        0.9097305456687906,
        0.5118841203020875,
        0.9234908112062757,
        0.9457745220668031
      ],
      "val_loss": [
        1.2342328062057495,
        5.363254386901856,
        1.8564814348220826,
        25.91929542541504,
        7.410367767333985,
        1.9381036930084228,
        0.5849078116416931,
        10.863103462219238,
        1.3831238384246827,
        1.1033643217086793,
        0.20226620209217072,
        0.9057592425346375,
        0.21918610835075378,
        2.6967150039672854,
        0.21867318022251128,
        0.1495677287578583
      ],
      "test_round": [],
      "test_accuracy": [],
      "test_macro_f1": [],
      "test_loss": []
    }
  },
  "val_accuracy": [
    0.5937260902830911,
    0.550114766641163,
    0.6801836266258607,
    0.4521805661820964,
    0.6266258607498087,
    0.7551644988523336,
    0.8232593726090283,
    0.6579954093343535,
    0.7413925019127774,
    0.809487375669472,
    0.9150726855394032,
    0.8301453710788065,
    0.9120122417750574,
    0.7819433817903596,
    0.6786534047436878,
    0.7352716143840857
  ],
  "val_macro_f1": [
    0.5776395630481055,
    0.5081939647038979,
    0.634587922378497,
    0.32683676727644057,
    0.5694122842050668,
    0.7022205238609727,
    0.803817510033956,
    0.6109451353245628,
    0.7235494069403321,
    0.7752546755415344,
    0.9142443484760112,
    0.8130231765198993,
    0.8998641763663173,
    0.7807403778345635,
    0.6524720621161239,
    0.7331701871097651
  ],