{
  "clients": {
    "BraTS": {
      "val_round": [
        0,
        1,
        2,
        3,
        4,
        5,
        6,
        7,
        8,
        9,
        10
      ],
      "val_accuracy": [
        0.5916955017301038,
        0.9307958477508651,
        0.9653979238754326,
        0.8996539792387543,
        0.9619377162629758,
        0.9826989619377162,
        0.9896193771626297,
        0.9826989619377162,
        0.9826989619377162,
        0.9584775086505191,
        0.698961937716263
      ],
      "val_macro_f1": [
        0.5432704340495113,
        0.929104058576466,
        0.9633024179987281,
        0.8871497790940035,
        0.9627006200919018,
        0.9825570759189861,
        0.9894739245332557,
        0.9817076628836209,
        0.9830595177740324,
        0.9591143861542908,
        0.6130746888101767
      ],
      "val_loss": [
        0.9343716516626748,
        0.23228452651145962,
        0.12983659394472116,
        0.2196919724190524,
        0.11585930020751425,
        0.046306551533999325,
        0.029259295612058013,
        0.06521889330194071,
        0.04919859529779032,
        0.11694432583647203,
        1.093391111977785
      ],
      "test_round": [],
      "test_accuracy": [],
      "test_macro_f1": [],
      "test_loss": []
    },
    "Shanghai": {
      "val_round": [
        0,
        1,
        2,
        3,
        4,
        5,
        6,
        7,
        8,
        9,
        10
      ],
      "val_accuracy": [
        0.7883211678832117,
        0.7846715328467153,
        0.7664233576642335,
        0.7700729927007299,
        0.7226277372262774,
        0.9452554744525548,
        0.6788321167883211,
        0.916058394160584,
        0.948905109489051,
        0.9379562043795621,
        0.7992700729927007
      ],
      "val_macro_f1": [
        0.7851474485501413,
        0.7836495799112622,
        0.7711277744772181,
        0.776564121725412,
        0.7276276276276276,
        0.9449707565649593,
        0.6443065747878581,
        0.9159681284557734,
        0.9479006781080984,
        0.9393173979503581,
        0.798682417083144
      ],
      "val_loss": [
        0.6446147417500071,
        0.5515038140498809,
        0.7196246681422213,
        0.6945284761651589,
        0.716172506774429,
        0.16102153193341553,
        0.8640541834552793,
        0.25361084894542274,
        0.1996803844932222,
        0.23574772069271463,
        0.5414012542171199
      ],
      "test_round": [],
      "test_accuracy": [],
      "test_macro_f1": [],
      "test_loss": []
    },
    "Figshare": {
      "val_round": [
        0,
        1,
        2,
        3,
        4,
        5,
        6,
        7,
        8,
        9,
        10
      ],
      "val_accuracy": [
        0.4016393442622951,
        0.46311475409836067,
        0.3155737704918033,
        0.3114754098360656,
        0.2336065573770492,
        0.2336065573770492,
        0.2336065573770492,
        0.2336065573770492,
        0.2336065573770492,
        0.2336065573770492,
        0.2336065573770492
      ],
      "val_macro_f1": [
        0.33083370978266324,
        0.41831113183898333,
        0.1983203270159792,
        0.2479138893003506,
        0.12624584717607973,
        0.12624584717607973,
        0.12624584717607973,
        0.12624584717607973,
        0.12624584717607973,
        0.12624584717607973,
        0.12624584717607973
      ],
      "val_loss": [
        2.4291424047751504,
        5.5711104518077414,
        24.09187801548692,
        4.751616470149306,
        111.94390456402888,
        3.536306263970547,
        37.46274441578349,
        19.754016970024733,
        5.220545823456811,
        5.269123843458832,
        7.464884179537414
      ],
      "test_round": [],
      "test_accuracy": [],
      "test_macro_f1": [],
      "test_loss": []
    },
    "Brisc2025": {
      "val_round": [
        0,
        1,
        2,
        3,
        4,
        5,
        6,
        7,
        8,
        9,
        10
      ],
      "val_accuracy": [
        0.354,
        0.284,
        0.21,
        0.296,
        0.276,
        0.336,
        0.492,
        0.306,
        0.276,
        0.256,
        0.48
      ],
      "val_macro_f1": [
        0.2924897066281579,
        0.1990714915208241,
        0.0869205298013245,
        0.22012101373803503,
        0.18833164705990563,
        0.28789207270768935,
        0.322539182353429,
        0.21604247604247606,
        0.18855994152046784,
        0.14596662594095428,
        0.41555276459587165
      ],
      "val_loss": [
        2.5811296291351318,
        4.037864952087403,
        48.956867614746095,
        8.19220458984375,
        5.377915744781494,
        2.7611524696350096,
        11.824147071838379,
        4.072846252441407,
        6.304095573425293,
        7.158698276519775,
        4.642963668823242
      ],
      "test_round": [],
      "test_accuracy": [],
      "test_macro_f1": [],
      "test_loss": []
    }
  },
  "val_accuracy": [
    0.5065034429992349,
    0.5654169854628921,
    0.513389441469013,
    0.531752104055088,
    0.513389441469013,
    0.5876052027543994,
    0.5929609793420046,
    0.5700076511094109,
    0.5654169854628921,
    0.550114766641163,
    0.5493496557000765
  ],
  "val_macro_f1": [
    0.4583808988860721,
    0.5239745369192108,
    0.44493789877655043,
    0.48945397962450876,
    0.461025447144182,
    0.5490673338211125,
    0.5008198497089993,
    0.5153129353499998,
    0.5117926120195193,
    0.4884042267164718,
    0.48553782429672676
  ],
  "val_loss": [
    1.7826575423892255,
    2.7517411625832207,
    23.405931123085576,
    4.215216905995918,
    23.13158775105582,
    1.7604724226238715,
    11.70481251420734,
    5.3134972453573415,
    3.4390143741609127,
    3.7975571091816276,
    3.525055508214094
  ],
  "test_accuracy": [],
  "test_macro_f1": [],
  "test_loss": [],
  "round_elapsed_time": [
    6914.242772579193,
    14361.040776729584,
    21819.31254696846,
    29285.85491323471,
    36737.77157831192,
    44238.78755187988,
    51711.801802158356,
    59166.04449009895,
    66587.56651616096,
    74046.97624778748,
    81508.57379722595
  ],
  "best_val_accuracy": 0.5929609793420046,
  "best_round": 6,
  "early_stopped": false,
  "early_stopped_round": null
}