{
  "clients": {
    "BraTS": {
      "val_round": [
        0,
        1,
        2,
        3,
        4,
        5,
        6,
        7,
        8,
        9,
        10,
        11,
        12,
        13,
        14,
        15,
        16,
        17
      ],
      "val_accuracy": [
        0.7647058823529411,
        0.9792387543252595,
        0.9826989619377162,
        0.9757785467128027,
        0.9688581314878892,
        0.9826989619377162,
        0.986159169550173,
        0.986159169550173,
        0.9792387543252595,
        0.9792387543252595,
        0.9826989619377162,
        0.9792387543252595,
        0.9826989619377162,
        0.9826989619377162,
        0.9757785467128027,
        0.9896193771626297,
        0.9930795847750865,
        0.9930795847750865
      ],
      "val_macro_f1": [
        0.7472511978992538,
        0.9776078542433683,
        0.9815733550084799,
        0.9757693604003007,
        0.9678229260651504,
        0.9820333689866677,
        0.9852269486099697,
        0.9857463687405685,
        0.9789020688553399,
        0.9788627687361865,
        0.9825570759189861,
        0.9788627687361865,
        0.982561606990604,
        0.9820818070818071,
        0.9757180406226382,
        0.9894537480063796,
        0.9931340644349582,
        0.9931340644349582
      ],
      "val_loss": [
        0.7066855570849251,
        0.15111963682933663,
        0.062189218082229984,
        0.0694199190007774,
        0.08461890583632314,
        0.06389291352466729,
        0.04016893957725446,
        0.049250275618477266,
        0.06978687159330374,
        0.04184297376850485,
        0.045872250230254596,
        0.06204937857327577,
        0.043441914357116064,
        0.04502579043893253,
        0.04302692949565637,
        0.03050952469188862,
        0.03031634129454933,
        0.027449243621430183
      ],
      "test_round": [
        7
      ],
      "test_accuracy": [
        0.9875173370319001
      ],
      "test_macro_f1": [
        0.9877290932231647
      ],
      "test_loss": [
        0.039793639011092063
      ]
    },
    "Shanghai": {
      "val_round": [
        0,
        1,
        2,
        3,
        4,
        5,
        6,
        7,
        8,
        9,
        10,
        11,
        12,
        13,
        14,
        15,
        16,
        17
      ],
      "val_accuracy": [
        0.4781021897810219,
        0.33941605839416056,
        0.354014598540146,
        0.5072992700729927,
        0.8868613138686131,
        0.6131386861313869,
        0.9087591240875912,
        0.8686131386861314,
        0.8905109489051095,
        0.9379562043795621,
        0.948905109489051,
        0.9306569343065694,
        0.9233576642335767,
        0.9379562043795621,
        0.9452554744525548,
        0.8941605839416058,
        0.9525547445255474,
        0.9708029197080292
      ],
      "val_macro_f1": [
        0.3937482899223875,
        0.21986439331612243,
        0.2448585231193927,
        0.43439095632009633,
        0.8873185925126877,
        0.5100961506471039,
        0.9084927624253467,
        0.865678303841862,
        0.890466906060785,
        0.93783811191782,
        0.9489614994934144,
        0.9309241465798647,
        0.9253247112142818,
        0.937685137106545,
        0.945759734320282,
        0.8938121640926838,
        0.9532369768142126,
        0.9706804586529673
      ],
      "val_loss": [
        3.03213161969707,
        6.8403442967547115,
        7.118108832923165,
        2.424589043986188,
        0.2983427766683328,
        1.4665431323712759,
        0.2737506958690003,
        0.5822864549003378,
        0.2875144555620904,
        0.21904240515980408,
        0.12670420425311818,
        0.26391340346571845,
        0.24469934806506402,
        0.19972017733720096,
        0.1869302961948144,
        0.35374342916655716,
        0.2752251812145556,
        0.16638681705914485
      ],
      "test_round": [
        7
      ],
      "test_accuracy": [
        0.8
      ],
      "test_macro_f1": [
        0.7908309195451898
      ],
      "test_loss": [
        0.7147417895985346
      ]
    },
    "Figshare": {
      "val_round": [
        0,
        1,
        2,
        3,
        4,
        5,
        6,
        7,
        8,
        9,
        10,
        11,
        12,
        13,
        14,
        15,
        16,
        17
      ],
      "val_accuracy": [
        0.4016393442622951,
        0.30327868852459017,
        0.319672131147541,
        0.6024590163934426,
        0.75,
        0.36885245901639346,
        0.4672131147540984,
        0.5491803278688525,
        0.8647540983606558,
        0.35655737704918034,
        0.6885245901639344,
        0.8032786885245902,
        0.5942622950819673,
        0.7049180327868853,
        0.6762295081967213,
        0.5245901639344263,
        0.29918032786885246,
        0.7008196721311475
      ],
      "val_macro_f1": [
        0.34209140942809285,
        0.15980554026784077,
        0.19685887882609196,
        0.5702671126061339,
        0.6948477792603058,
        0.3060287874080978,
        0.21348314606741572,
        0.53125,
        0.8496419423020152,
        0.3365692283009787,
        0.6539367363027199,
        0.746886062672086,
        0.4714303206021537,
        0.7047190904024272,
        0.5538647071554623,
        0.5347948845706694,
        0.1667202572347267,
        0.6148060396379639
      ],
      "val_loss": [
        1.5676099003338424,
        11.292923942941133,
        5.651763001426321,
        1.572988660609136,
        0.6280752713563013,
        6.436251241652692,
        6.823427528631492,
        1.8027383812138291,
        0.34470548248681865,
        2.8915151924383444,
        1.371311902999878,
        0.748675500760313,
        3.6724256531136934,
        1.10836223891524,
        2.805896125855993,
        3.9089339600234734,
        40.12186200501489,
        2.115943236429183
      ],
      "test_round": [
        7
      ],
      "test_accuracy": [
        0.5967213114754099
      ],
      "test_macro_f1": [
        0.5819209885282505
      ],
      "test_loss": [
        1.9052537699214747
      ]
    },
    "Brisc2025": {
      "val_round": [
        0,
        1,
        2,
        3,
        4,
        5,
        6,
        7,
        8,
        9,
        10,
        11,
        12,
        13,
        14,
        15,
        16,
        17
      ],
      "val_accuracy": [
        0.218,
        0.212,
        0.306,
        0.506,
        0.596,
        0.814,
        0.628,
        0.812,
        0.568,
        0.572,
        0.602,
        0.212,
        0.676,
        0.218,
        0.426,
        0.542,
        0.24,
        0.316
      ],
      "val_macro_f1": [
        0.11434395848776871,
        0.08745874587458746,
        0.21168582375478928,
        0.4341006483418244,
        0.5932285978546671,
        0.8039868324723144,
        0.6218661985462999,
        0.7918722526422415,
        0.5123882842398209,
        0.502145821369375,
        0.5733337129294339,
        0.08745874587458746,
        0.6794326816435401,
        0.09892327577797289,
        0.3721532159213549,
        0.4649317834418612,
        0.13793620641679868,
        0.23670808672544996
      ],
      "val_loss": [
        11.567228782653808,
        59.79150018310547,
        5.5657705078125,
        1.7831392850875853,
        1.090833857536316,
        0.5830759954452515,
        1.1211583347320557,
        0.6587707023620606,
        3.0144733428955077,
        1.6839564323425293,
        2.3663456287384035,
        50.7437419128418,
        1.1581028499603272,
        32.72156930541992,
        4.0170622653961185,
        6.843097827911377,
        49.77705654907226,
        7.475017246246338
      ],
      "test_round": [
        7
      ],
      "test_accuracy": [
        0.746
      ],