{
  "clients": {
    "BraTS": {
      "val_round": [
        0,
        1,
        2,
        3,
        4,
        5,
        6,
        7,
        8,
        9,
        10,
        11,
        12,
        13,
        14,
        15,
        16,
        17,
        18,
        19,
        20,
        21,
        22,
        23,
        24,
        25,
        26,
        27,
        28,
        29,
        30,
        31,
        32,
        33,
        34,
        35,
        36
      ],
      "val_accuracy": [
        0.5224913494809689,
        0.8131487889273357,
        0.916955017301038,
        0.8512110726643599,
        0.7301038062283737,
        0.986159169550173,
        0.9965397923875432,
        1.0,
        0.9238754325259516,
        0.9757785467128027,
        0.7231833910034602,
        0.7301038062283737,
        0.9965397923875432,
        0.9965397923875432,
        0.9930795847750865,
        0.9965397923875432,
        0.9965397923875432,
        0.9965397923875432,
        0.9965397923875432,
        1.0,
        0.9965397923875432,
        0.9965397923875432,
        1.0,
        1.0,
        0.9965397923875432,
        1.0,
        1.0,
        1.0,
        1.0,
        0.9826989619377162,
        0.9826989619377162,
        0.9826989619377162,
        0.9965397923875432,
        0.9896193771626297,
        0.9930795847750865,
        0.9965397923875432,
        0.9965397923875432
      ],
      "val_macro_f1": [
        0.4976094561460415,
        0.8146079209908997,
        0.9176049139014998,
        0.6398005478513953,
        0.7236461513739353,
        0.9863138151675915,
        0.9968099152109042,
        1.0,
        0.9278489642027351,
        0.9761904624984377,
        0.5747126436781609,
        0.5251240565614629,
        0.9963193006671268,
        0.9963193006671268,
        0.9926795713726809,
        0.9963193006671268,
        0.9968099152109042,
        0.9968099152109042,
        0.9968099152109042,
        1.0,
        0.9968099152109042,
        0.9968099152109042,
        1.0,
        1.0,
        0.9968099152109042,
        1.0,
        1.0,
        1.0,
        1.0,
        0.7378403406237524,
        0.9813778729726027,
        0.9818158129133739,
        0.9968099152109042,
        0.9899279919788534,
        0.9931340644349582,
        0.996810207336523,
        0.9968099152109042
      ],
      "val_loss": [
        71.6461937716263,
        12.870415438417744,
        3.5590550907755394,
        4.155378973607786,
        7.052313959722288,
        0.24241925605853124,
        0.061748074000269486,
        0.0011056731728946462,
        1.978063330930822,
        0.3452606580661655,
        7.922307525951557,
        2.926102468299206,
        0.11447402597711161,
        0.10022315187025235,
        0.11995675572062034,
        0.06639347274410684,
        0.05763427773973934,
        0.00813703800980195,
        0.022939477412345914,
        0.0001598014963539414,
        0.05318415288694177,
        0.023356401384083045,
        3.05076783916117e-06,
        3.0755171726319206e-05,
        0.04555039917308979,
        9.107754717236159e-07,
        0.0006044381217560553,
        0.0,
        0.00011996991906611564,
        0.10171965496762814,
        0.18482485609483554,
        0.45878173900723046,
        0.005108381225163549,
        0.32201557093425603,
        0.1613323086273299,
        0.03271121714766875,
        0.015070829424478604
      ],
      "test_round": [
        26
      ],
      "test_accuracy": [
        0.9930651872399445
      ],
      "test_macro_f1": [
        0.7463461549163314
      ],
      "test_loss": [
        0.09839427090881601
      ]
    },
    "Shanghai": {
      "val_round": [
        0,
        1,
        2,
        3,
        4,
        5,
        6,
        7,
        8,
        9,
        10,
        11,
        12,
        13,
        14,
        15,
        16,
        17,
        18,
        19,
        20,
        21,
        22,
        23,
        24,
        25,
        26,
        27,
        28,
        29,
        30,
        31,
        32,
        33,
        34,
        35,
        36
      ],
      "val_accuracy": [
        0.354014598540146,
        0.8941605839416058,
        0.9051094890510949,
        0.7846715328467153,
        0.9087591240875912,
        0.9452554744525548,
        0.916058394160584,
        0.9635036496350365,
        0.9343065693430657,
        0.9087591240875912,
        0.9708029197080292,
        0.9635036496350365,
        0.9671532846715328,
        0.9781021897810219,
        0.9671532846715328,
        0.9708029197080292,
        0.9635036496350365,
        0.9671532846715328,
        0.9671532846715328,
        0.9744525547445255,
        0.9708029197080292,
        0.9233576642335767,
        0.9598540145985401,
        0.9635036496350365,
        0.9671532846715328,
        0.9671532846715328,
        0.9708029197080292,
        0.9671532846715328,
        0.9708029197080292,
        0.9708029197080292,
        0.9708029197080292,
        0.9744525547445255,
        0.9635036496350365,
        0.9708029197080292,
        0.9671532846715328,
        0.9671532846715328,
        0.9562043795620438
      ],
      "val_macro_f1": [
        0.15204962243797193,
        0.8952265171164546,
        0.6817225902752219,
        0.7843868579080385,
        0.9079306484419822,
        0.9446621720834099,
        0.915443315196934,
        0.7251971619657345,
        0.9356028368794327,
        0.6949473718096533,
        0.9709955053238636,
        0.9641614723255209,
        0.966948766948767,
        0.9779071767928748,
        0.9668974442056406,
        0.9706825550294326,
        0.9634635031353485,
        0.9672477391718229,
        0.9667808213520473,
        0.9741168847698057,
        0.9705863876076642,
        0.9257866016486705,
        0.9600806016740959,
        0.963499322493225,
        0.9672477391718229,
        0.9669167246157988,
        0.9705863876076642,
        0.9670534880618914,
        0.9705863876076642,
        0.9706825550294326,
        0.9705863876076642,
        0.9739061238063567,
        0.9640804445853589,
        0.9705863876076642,
        0.9668036570475594,
        0.9668036570475594,
        0.9569347541856134
      ],
      "val_loss": [
        104.07390510948905,
        3.2086992472627736,
        2.7579773394730838,
        8.086750114051094,
        2.8474138914233578,
        2.0702764135207574,
        3.3512776776821944,
        0.9742966394354827,
        2.7724110401459856,
        2.212305096814232,
        1.239852125627281,
        1.61815743550767,
        1.1703665517542483,
        1.240191605839416,
        1.349115747604927,
        1.4251291873681284,
        1.336055505014684,
        1.3323570690015807,
        1.241513885720803,
        1.329133903893241,
        1.3330292009959255,
        1.956022610629562,
        1.4053946207039547,
        1.5062734719610562,
        1.3922880966297901,
        1.394616788321168,
        1.3332002776382614,
        1.2625034917010007,
        1.2990704835766422,
        1.3187817074086545,
        1.1617826258179045,
        0.953536068436003,
        1.0956903904893973,
        1.2006158876593096,
        1.508953010948905,
        1.5482824840684877,
        1.4755432505677217
      ],
      "test_round": [
        26
      ],
      "test_accuracy": [
        0.8963503649635036
      ],
      "test_macro_f1": [
        0.8957048373881299
      ],
      "test_loss": [
        7.80633380639292
      ]
    },