{
  "clients": {
    "BraTS": {
      "val_round": [
        0,
        1,
        2,
        3,
        4,
        5,
        6,
        7,
        8,
        9,
        10,
        11,
        12,
        13,
        14,
        15,
        16,
        17,
        18,
        19,
        20,
        21,
        22,
        23,
        24,
        25,
        26,
        27,
        28,
        29
      ],
      "val_accuracy": [
        0.8650519031141869,
        0.916955017301038,
        0.9550173010380623,
        0.9515570934256056,
        0.9826989619377162,
        0.9619377162629758,
        0.972318339100346,
        0.972318339100346,
        0.986159169550173,
        0.986159169550173,
        0.9896193771626297,
        0.9757785467128027,
        0.9757785467128027,
        0.9930795847750865,
        0.9965397923875432,
        0.9896193771626297,
        1.0,
        1.0,
        0.9965397923875432,
        0.9965397923875432,
        0.9930795847750865,
        1.0,
        1.0,
        0.9965397923875432,
        0.9965397923875432,
        0.9930795847750865,
        0.9653979238754326,
        0.9688581314878892,
        0.986159169550173,
        0.9930795847750865
      ],
      "val_macro_f1": [
        0.864233870967742,
        0.9143744100240564,
        0.9527296082209377,
        0.9498852965437242,
        0.9820972886762359,
        0.960276999783744,
        0.9719358979808067,
        0.9709234642463237,
        0.9853339709867687,
        0.9857665891429547,
        0.9894269460510999,
        0.9747634048490298,
        0.9744193205628543,
        0.9931295820883922,
        0.9963193006671268,
        0.9889869818943589,
        1.0,
        1.0,
        0.9963193006671268,
        0.9963193006671268,
        0.9926485277078588,
        1.0,
        1.0,
        0.9963193006671268,
        0.9963193006671268,
        0.9926485277078588,
        0.9638536953242834,
        0.967434768956009,
        0.9857351198614529,
        0.9926435406698565
      ],
      "val_loss": [
        0.6421964176798362,
        1.212722105138442,
        1.220476579501142,
        1.1403311033149903,
        0.4476238105536332,
        1.5183688365051904,
        1.7894747529475334,
        1.2750865051903115,
        0.8795421494744641,
        1.2510813148788926,
        0.4858009839965398,
        1.317751627067381,
        1.3110343279723065,
        0.23102292387543252,
        0.092560553633218,
        0.31926067477691544,
        0.00030771011299740483,
        0.0,
        0.12391868512110726,
        0.17755190311418684,
        0.32463775951557095,
        0.0,
        0.0,
        0.03373702422145329,
        0.051470588235294115,
        0.27465397923875434,
        0.7550957227660711,
        1.4495657356552598,
        0.3932482445528763,
        0.04203611591695502
      ],
      "test_round": [
        19
      ],
      "test_accuracy": [
        0.9916782246879334
      ],
      "test_macro_f1": [
        0.9912127582562551
      ],
      "test_loss": [
        0.39745145631067963
      ]
    },
    "Shanghai": {
      "val_round": [
        0,
        1,
        2,
        3,
        4,
        5,
        6,
        7,
        8,
        9,
        10,
        11,
        12,
        13,
        14,
        15,
        16,
        17,
        18,
        19,
        20,
        21,
        22,
        23,
        24,
        25,
        26,
        27,
        28,
        29
      ],
      "val_accuracy": [
        0.5437956204379562,
        0.8686131386861314,
        0.9306569343065694,
        0.927007299270073,
        0.9233576642335767,
        0.916058394160584,
        0.9452554744525548,
        0.9087591240875912,
        0.948905109489051,
        0.9525547445255474,
        0.9708029197080292,
        0.9562043795620438,
        0.9343065693430657,
        0.948905109489051,
        0.9598540145985401,
        0.9598540145985401,
        0.9635036496350365,
        0.9635036496350365,
        0.9671532846715328,
        0.9635036496350365,
        0.9744525547445255,
        0.9708029197080292,
        0.9744525547445255,
        0.9671532846715328,
        0.9708029197080292,
        0.48175182481751827,
        0.9598540145985401,
        0.9233576642335767,
        0.9562043795620438,
        0.9379562043795621
      ],
      "val_macro_f1": [
        0.5083348062857191,
        0.6525624810107569,
        0.9306512722341868,
        0.9272751152183777,
        0.9208818088932947,
        0.6899705954095539,
        0.9445164710082367,
        0.9090990219176126,
        0.9483097944700546,
        0.9516189020254061,
        0.9703218944156756,
        0.95480783574138,
        0.9345559098967655,
        0.9477413479052824,
        0.9588771433880129,
        0.9599480749746707,
        0.9630130067973143,
        0.9629082840919724,
        0.9668036570475594,
        0.9630093346131909,
        0.9740890283316929,
        0.9705863876076642,
        0.9741168847698057,
        0.9667808213520473,
        0.9702510175567295,
        0.4214389459487499,
        0.9589814029676572,
        0.9230176854590056,
        0.9556765296948543,
        0.9375532669773508
      ],
      "val_loss": [
        8.79904197080292,
        2.5859660127737225,
        3.5315208713503647,
        4.672787408759124,
        5.850650091240876,
        7.083200273722627,
        4.486766508895985,
        7.869497034671533,
        4.981067518248175,
        4.931583599452555,
        3.9447992700729926,
        3.85492700729927,
        4.739535812043796,
        3.801710817935693,
        4.335082116788321,
        3.64507299270073,
        4.921760948905109,
        4.836678832116788,
        4.772129037084371,
        4.9683151802007295,
        3.648266423357664,
        4.4895714530109485,
        4.440693430656935,
        4.108348540145985,
        5.139602104242701,
        134.18430656934308,
        6.5780626352686085,
        8.299270072992702,
        4.4101847627737225,
        5.859489051094891
      ],
      "test_round": [
        19
      ],
      "test_accuracy": [
        0.945985401459854
      ],
      "test_macro_f1": [
        0.9444442208269198
      ],
      "test_loss": [
        10.086497887381672
      ]
    },
    "Figshare": {
      "val_round": [
        0,
        1,
        2,
        3,
        4,
        5,
        6,
        7,
        8,
        9,
        10,
        11,
        12,
        13,
        14,
        15,
        16,
        17,
        18,
        19,
        20,
        21,
        22,
        23,
        24,
        25,
        26,
        27,
        28,
        29
      ],
      "val_accuracy": [
        0.4672131147540984,
        0.3975409836065574,
        0.48360655737704916,
        0.6188524590163934,
        0.5778688524590164,
        0.7663934426229508,
        0.7131147540983607,
        0.5860655737704918,
        0.8483606557377049,
        0.7213114754098361,
        0.7704918032786885,
        0.8032786885245902,
        0.5163934426229508,
        0.6516393442622951,
        0.8319672131147541,
        0.5614754098360656,
        0.7991803278688525,
        0.8237704918032787,
        0.9016393442622951,
        0.860655737704918,
        0.8155737704918032,
        0.8524590163934426,
        0.7827868852459017,
        0.9344262295081968,
        0.9262295081967213,
        0.9385245901639344,
        0.8647540983606558,
        0.9262295081967213,
        0.9098360655737705,
        0.9385245901639344
      ],