{
  "clients": {
    "BraTS": {
      "val_round": [
        0,
        1,
        2,
        3,
        4,
        5,
        6,
        7,
        8,
        9,
        10,
        11,
        12,
        13,
        14,
        15,
        16,
        17,
        18,
        19,
        20,
        21,
        22,
        23,
        24,
        25,
        26,
        27,
        28,
        29
      ],
      "val_accuracy": [
        0.36678200692041524,
        0.726643598615917,
        0.5501730103806228,
        0.740484429065744,
        0.6920415224913494,
        0.4290657439446367,
        0.9446366782006921,
        0.3633217993079585,
        0.9584775086505191,
        0.9757785467128027,
        0.9238754325259516,
        0.9515570934256056,
        0.9826989619377162,
        0.9342560553633218,
        0.9826989619377162,
        0.726643598615917,
        0.9896193771626297,
        0.9930795847750865,
        0.9930795847750865,
        0.9965397923875432,
        0.9965397923875432,
        0.9965397923875432,
        0.9965397923875432,
        0.9965397923875432,
        0.9930795847750865,
        0.9965397923875432,
        0.9896193771626297,
        0.986159169550173,
        0.9896193771626297,
        0.9896193771626297
      ],
      "val_macro_f1": [
        0.18978416234433637,
        0.7148823682842856,
        0.483907455265701,
        0.7242372005996002,
        0.6889018651696137,
        0.31029448644855046,
        0.9428502295979589,
        0.17766497461928935,
        0.9573649642699463,
        0.9746126352826745,
        0.9158979990056614,
        0.9526294888197012,
        0.9831249467083182,
        0.9345002259173917,
        0.9817681458548332,
        0.6856843220568042,
        0.9894537480063796,
        0.9926795713726809,
        0.9926282051282053,
        0.9963193006671268,
        0.9963193006671268,
        0.9963193006671268,
        0.9963193006671268,
        0.9963193006671268,
        0.9931135818396025,
        0.9963193006671268,
        0.9888912367555166,
        0.9852269486099697,
        0.9889260028286841,
        0.9894269460510999
      ],
      "val_loss": [
        5.1304835394592025,
        0.8297158657060775,
        1.458560263821823,
        0.7031026327898758,
        0.8211071148875675,
        2.6011311434544493,
        0.1408326365955973,
        4.299947354207815,
        0.11516840028927813,
        0.06678765166589545,
        0.2120789153353153,
        0.15336238347947803,
        0.06436509285831121,
        0.20925152384286108,
        0.04752417707938224,
        0.6505412828551032,
        0.024006830367250015,
        0.03428138498616466,
        0.013074202108548174,
        0.007047103763039137,
        0.011161250226637897,
        0.008187354229725769,
        0.008759812912726485,
        0.011974239019374121,
        0.01005552755507631,
        0.0053004249156965106,
        0.035189578689918385,
        0.04846589293034431,
        0.024721007033615378,
        0.029375724313993355
      ],
      "test_round": [
        40
      ],
      "best_val_accuracy": 0.9965397923875432,
      "best_round": 19,
      "early_stopped": true,
      "early_stopped_round": 29,
      "final_test_accuracy": 0.9972260748959778,
      "final_test_macro_f1": 0.9970496355432141,
      "final_test_loss": 0.006780548168452206,
      "final_test_num_samples": 721,
      "test_accuracy": [],
      "test_macro_f1": [],
      "test_loss": []
    },
    "Shanghai": {
      "val_round": [
        0,
        1,
        2,
        3,
        4,
        5,
        6,
        7,
        8,
        9,
        10,
        11,
        12,
        13,
        14,
        15,
        16,
        17,
        18,
        19,
        20,
        21,
        22,
        23,
        24,
        25,
        26,
        27,
        28,
        29,
        30,
        31,
        32,
        33,
        34,
        35,
        36,
        37,
        38,
        39,
        40
      ],
      "val_accuracy": [
        0.5656934306569343,
        0.6386861313868614,
        0.9051094890510949,
        0.5218978102189781,
        0.791970802919708,
        0.6131386861313869,
        0.9343065693430657,
        0.8832116788321168,
        0.8138686131386861,
        0.7335766423357665,
        0.8211678832116789,
        0.8978102189781022,
        0.843065693430657,
        0.9343065693430657,
        0.8394160583941606,
        0.9598540145985401,
        0.9343065693430657,
        0.9379562043795621,
        0.9635036496350365,
        0.948905109489051,
        0.9525547445255474,
        0.9379562043795621,
        0.8795620437956204,
        0.8832116788321168,
        0.8175182481751825,
        0.7773722627737226,
        0.9671532846715328,
        0.8795620437956204,
        0.948905109489051,
        0.9744525547445255,
        0.9781021897810219,
        0.9233576642335767,
        0.9671532846715328,
        0.9452554744525548,
        0.7700729927007299,
        0.916058394160584,
        0.781021897810219,
        0.948905109489051,
        0.9452554744525548,
        0.9562043795620438,
        0.8759124087591241
      ],
      "val_macro_f1": [
        0.48058080808080805,
        0.6345263628774898,
        0.9037724525879587,
        0.46978952654887457,
        0.7703787825902553,
        0.5467174526128921,
        0.9345489440191522,
        0.8786576481983411,
        0.8129948220510309,
        0.7380469208190533,
        0.8145418383091972,
        0.9011699311852541,
        0.8471287229702162,
        0.9348344122337929,
        0.8383117888448779,
        0.9592136818431175,
        0.9335436305152314,
        0.9379271242885525,
        0.9633579167023983,
        0.948525698932203,
        0.9514475038070543,
        0.9367001071874892,
        0.8754472837757166,
        0.8829875489375824,
        0.8203292571010502,
        0.7653766432116947,
        0.9673169139481624,
        0.8828239661572995,
        0.9481171420355529,
        0.9739025013394307,
        0.9781728909388484,
        0.9218949203899037,
        0.9669167246157988,
        0.9461972210729875,
        0.7566021824519265,
        0.9146630336948639,
        0.7681198786881106,
        0.9488316451879205,
        0.9456963629908975,
        0.955948740999791,
        0.8727543806581607
      ],
      "val_loss": [
        1.5757844726534656,
        1.4024864752797315,
        0.235865058146254,
        1.6196121560396068,
        0.6899993154254273,
        1.264183959821715,
        0.21621500640890023,
        0.2639489519770128,
        0.4580242194398476,
        0.6616750163753538,
        0.588096053060824,
        0.29223313971157494,
        0.4325574202476627,
        0.21167725607426496,
        0.5012474814905737,
        0.15295884317725245,
        0.19816750135735003,
        0.1732606469062123,
        0.11586027690311418,
        0.19984157024508845,
        0.20507679977556215,
        0.20027772538418318,
        0.36523831782549837,
        0.31302266366725423,
        0.43423495109934007,
        0.5753151426350114,
        0.1061754975821415,
        0.32148579132817956,
        0.11532559860361753,
        0.09736115784540664,
        0.10130014564216572,
        0.2876394077809188,
        0.11304115183161993,
        0.20301436583926208,
        0.8954234512617988,
        0.3260768764264827,
        0.7622746525019625,
        0.18271860219266292,
        0.19322592890175588,
        0.16013732445120377,
        0.43828097910341557
      ],
      "test_round": [
        40
      ],
      "best_val_accuracy": 0.9781021897810219,
      "best_round": 30,
      "early_stopped": true,
      "early_stopped_round": 40,
      "final_test_accuracy": 0.9401459854014599,
      "final_test_macro_f1": 0.9391067464429143,
      "final_test_loss": 0.24116069881150323,
      "final_test_num_samples": 685,
      "test_accuracy": [],
      "test_macro_f1": [],